gender,race/ethnicity,parental level of education,lunch,test preparation course,math score,reading score,writing score,exam_score,hours_studied,attendance_rate,previous_score,predicted_exam_score,risk_level
male,group A,associate's degree,free/reduced,none,47,57,44,49.333333333333336,5,64.16434327938295,42.31378927952346,48.30275205730414,High Risk
male,group B,some college,free/reduced,none,40,43,39,40.666666666666664,8,69.52731124186906,38.218228029294565,43.96315699861208,High Risk
male,group D,high school,free/reduced,completed,64,64,67,65.0,5,63.97765571037381,61.74157034941417,66.91996315225475,Moderate Risk
female,group B,high school,free/reduced,none,38,60,50,49.333333333333336,4,69.72688763997816,42.56759812007151,48.64142101671685,High Risk
male,group C,associate's degree,standard,none,58,54,52,54.666666666666664,8,88.89067727422636,44.65695315361245,50.01982513217158,Moderate Risk
male,group D,associate's degree,standard,none,40,52,43,45.0,8,94.22785872425143,38.815985410531056,44.39172071284839,High Risk
female,group A,master's degree,standard,none,50,53,58,53.666666666666664,5,86.72340546282584,45.076772206729714,50.81858543958989,Moderate Risk
female,group B,some high school,free/reduced,none,18,32,28,26.0,6,95.8534327408448,20.95593541581241,27.524226509643228,High Risk
male,group C,master's degree,free/reduced,completed,46,42,46,44.666666666666664,2,60.52007694042944,42.021361605913384,48.427645912237836,High Risk
female,group C,associate's degree,free/reduced,none,54,58,61,57.666666666666664,5,63.42034123417872,50.72182536513509,56.36385858885038,Moderate Risk
male,group D,high school,standard,none,66,69,63,66.0,1,68.31545020584109,61.36284444582334,67.0435010405877,Moderate Risk
female,group B,some college,free/reduced,completed,65,75,70,70.0,6,61.06128815495279,63.741402668278916,68.72533164739104,Moderate Risk
male,group D,some college,standard,none,44,54,53,50.333333333333336,9,67.25741740359189,47.995809866739634,53.217559127241756,Moderate Risk
male,group B,some college,standard,none,69,54,55,59.333333333333336,4,92.69774246953764,49.15244177963312,54.81703986680279,Moderate Risk
male,group C,high school,standard,none,70,70,65,68.33333333333333,3,70.3769373372517,62.65927915607767,68.01785209493252,Moderate Risk
female,group D,master's degree,standard,none,62,70,75,69.0,5,75.18769632669068,61.20222750438073,66.33770049717884,Moderate Risk
female,group B,some college,standard,none,63,65,61,63.0,7,70.72254563291506,63.28242643594233,68.10117884197311,Moderate Risk
female,group E,master's degree,free/reduced,none,56,72,65,64.33333333333333,5,84.96595631396536,63.91030227704361,68.87554362886436,Moderate Risk
male,group D,some college,standard,none,40,42,38,40.0,9,76.37646608764962,31.212247689718453,37.08194206905919,High Risk
female,group D,some high school,free/reduced,none,50,64,59,57.666666666666664,9,97.93813227848626,52.11301275707555,56.98361512623513,Moderate Risk
male,group B,associate's degree,free/reduced,none,57,56,57,56.666666666666664,9,65.6045270306581,45.64838800218929,50.97785941450273,Moderate Risk
male,group C,associate's degree,free/reduced,none,55,61,54,56.666666666666664,5,94.73871903591652,45.48215593675747,51.160233491915854,Moderate Risk
female,group C,associate's degree,standard,none,58,73,68,66.33333333333333,2,79.49724792998055,57.7082346415539,63.34834479850222,Moderate Risk
female,group B,associate's degree,standard,none,53,58,65,58.666666666666664,4,95.78208907576365,50.59447908923228,56.180822549727125,Moderate Risk
male,group B,some college,free/reduced,completed,59,65,66,63.333333333333336,7,91.99421023789262,56.55575248572978,61.53133403578558,Moderate Risk
female,group E,associate's degree,free/reduced,none,50,56,54,53.333333333333336,8,77.00854017876934,45.998250104833424,51.374461805140974,Moderate Risk
male,group B,associate's degree,standard,none,65,54,57,58.666666666666664,3,60.8987723328047,55.32022381565226,61.040750789787786,Moderate Risk
female,group A,associate's degree,standard,completed,55,65,62,60.666666666666664,1,70.74709437539784,58.121263316933586,63.92314994876328,Moderate Risk
female,group D,associate's degree,free/reduced,completed,57,74,76,69.0,2,85.33912879304589,64.51055386757479,69.8323652819036,Moderate Risk
male,group E,some college,standard,none,53,55,48,52.0,4,65.57424296291296,44.910837657629855,50.91101021209913,Moderate Risk
male,group E,associate's degree,free/reduced,completed,77,69,68,71.33333333333333,2,93.39720947197196,63.4674177076218,68.78576046096057,Moderate Risk
male,group C,some college,standard,none,53,44,42,46.333333333333336,6,99.37608722814208,41.068112674457794,46.77558294424103,High Risk
female,group C,high school,free/reduced,none,33,41,43,39.0,6,70.89229306077476,34.58097837783915,40.72578000962224,High Risk
male,group D,associate's degree,standard,none,52,55,49,52.0,2,96.57195226241996,52.59960985121918,58.35345479131454,Moderate Risk
male,group D,some college,standard,completed,58,59,58,58.333333333333336,4,64.71004331560565,53.58137539086143,59.22435331818458,Moderate Risk
female,group C,some high school,free/reduced,none,0,17,10,9.0,8,83.06065902057014,4.365242525149851,11.445474395714788,High Risk
male,group A,some high school,free/reduced,none,39,39,34,37.333333333333336,9,82.16712010063173,30.440898279669003,36.309008146859924,High Risk
male,group A,associate's degree,free/reduced,none,62,61,55,59.333333333333336,8,86.05681553407457,57.40589380632095,62.252682715829266,Moderate Risk
female,group C,associate's degree,standard,none,69,80,71,73.33333333333333,5,93.18967214828807,62.771055634330764,67.73587655679779,Moderate Risk
female,group D,some high school,standard,none,59,58,59,58.666666666666664,2,68.25685087042413,50.00356558009061,56.03119373411471,Moderate Risk
male,group B,some high school,standard,none,67,64,61,64.0,5,60.43983314633922,57.253706889594156,62.64025154335845,Moderate Risk
male,group D,some high school,free/reduced,none,45,37,37,39.666666666666664,8,65.47542520275229,35.346118963216156,41.234697773215416,High Risk
male,group B,associate's degree,free/reduced,none,61,58,56,58.333333333333336,9,94.95560310250062,54.449953661546495,59.240336820664965,Moderate Risk
female,group C,associate's degree,standard,none,39,64,57,53.333333333333336,1,83.89652408681233,45.06708747422078,51.3375793451145,Moderate Risk
female,group D,some college,free/reduced,completed,58,63,73,64.66666666666667,9,84.02067441734613,54.012907748862844,58.885396286796755,Moderate Risk
male,group D,some college,standard,completed,63,55,63,60.333333333333336,7,86.60146698185022,50.70360274851677,55.955164155950555,Moderate Risk
female,group A,associate's degree,free/reduced,none,41,51,48,46.666666666666664,9,67.01485114493798,43.13321493202549,48.55953150966747,High Risk
male,group C,some high school,free/reduced,none,61,57,56,58.0,8,96.5764778369984,56.35885229986703,61.1879631427002,Moderate Risk
male,group C,some high school,standard,none,49,49,41,46.333333333333336,1,76.75082099568293,40.910674592599726,47.396536386507776,High Risk
male,group B,associate's degree,free/reduced,none,44,41,38,41.0,8,75.3255411299799,41.30531809668855,46.88741921234798,High Risk
male,group E,some high school,standard,none,30,26,22,26.0,8,80.75670821131351,20.030496857445655,26.469712962924863,High Risk
female,group B,associate's degree,standard,none,47,49,50,48.666666666666664,3,63.31194671700506,42.125866346957515,48.38354144422368,High Risk
male,group B,high school,free/reduced,none,49,45,45,46.333333333333336,3,84.12608437865552,42.93143585231907,49.03392702466535,High Risk
male,group A,some college,free/reduced,completed,50,47,54,50.333333333333336,1,69.81396438725284,48.8430838404642,55.03804551074986,Moderate Risk
male,group D,high school,free/reduced,none,42,39,34,38.333333333333336,7,71.547749470828,33.41587804848525,39.477586422078886,High Risk
female,group A,some college,standard,none,58,70,67,65.0,8,82.65618561187588,61.80663618108534,66.48942491491815,Moderate Risk
male,group C,high school,free/reduced,none,27,34,36,32.333333333333336,7,97.47318957299032,26.42795763387494,32.63023734838896,High Risk
male,group C,associate's degree,free/reduced,completed,43,45,50,46.0,8,68.59761514363026,37.31920032834708,43.10711742690197,High Risk
male,group B,some high school,standard,completed,65,66,62,64.33333333333333,8,83.8031172280102,61.96728109360301,66.63666170414432,Moderate Risk
female,group D,some college,free/reduced,none,58,67,62,62.333333333333336,3,79.85464988804945,58.012770009037915,63.510128267699436,Moderate Risk
female,group D,bachelor's degree,standard,none,65,67,62,64.66666666666667,1,83.87371395667557,58.56457014621814,64.27129308919581,Moderate Risk
male,group B,some college,standard,none,79,67,67,71.0,3,73.36975563267843,63.25924612130025,68.57527912641854,Moderate Risk
male,group B,high school,standard,completed,60,44,47,50.333333333333336,1,63.00551126943235,46.14670413646104,52.49406888180881,Moderate Risk
female,group C,some college,standard,none,58,67,72,65.66666666666667,7,79.81965264824794,62.908301704110144,67.68956866054853,Moderate Risk
male,group E,associate's degree,standard,completed,66,63,64,64.33333333333333,9,77.39309354414985,56.68119714425018,61.48090584251018,Moderate Risk
female,group B,associate's degree,free/reduced,none,52,76,70,66.0,3,69.85608132956428,58.789468308722704,64.31275658115459,Moderate Risk
female,group B,some high school,standard,none,70,64,72,68.66666666666667,7,92.76409270696799,64.51064933802131,69.14939353242562,Moderate Risk
male,group C,high school,standard,none,62,55,49,55.333333333333336,4,87.78785883417707,48.78551568022104,54.494110914925066,Moderate Risk
male,group A,associate's degree,standard,none,54,53,47,51.333333333333336,4,70.8858054891985,51.02097090399296,56.73485947838583,Moderate Risk
female,group D,some college,standard,none,51,58,54,54.333333333333336,5,83.60922667476348,50.92049136537222,56.436346763851155,Moderate Risk
female,group D,some high school,standard,none,51,63,61,58.333333333333336,3,98.0094941528321,51.934043386032755,57.57935898066046,Moderate Risk
female,group C,some college,standard,none,55,69,65,63.0,6,77.84023091831823,58.10692444689245,63.228284358958206,Moderate Risk
male,group D,high school,free/reduced,none,63,57,56,58.666666666666664,6,89.28899545638245,56.09742397770981,61.23589094132383,Moderate Risk
female,group A,bachelor's degree,standard,none,51,49,51,50.333333333333336,1,79.57699854572562,43.2540165115439,49.62547607411696,High Risk
male,group C,some high school,free/reduced,completed,53,37,40,43.333333333333336,9,99.50672031986588,39.434416850583304,44.82555102294951,High Risk
male,group C,bachelor's degree,standard,none,58,55,48,53.666666666666664,7,97.00993269662663,57.43071811715049,62.340459516388115,Moderate Risk
male,group B,some high school,standard,completed,51,54,41,48.666666666666664,6,67.22301380509334,42.35698725419366,48.19834433304731,High Risk
male,group E,high school,standard,none,70,55,56,60.333333333333336,8,82.71780922210517,52.62152881007475,57.68769606692694,Moderate Risk
female,group C,some college,free/reduced,none,59,62,64,61.666666666666664,3,71.89396029490203,50.49418025753157,56.35213303451755,Moderate Risk
female,group E,some college,free/reduced,completed,42,55,54,50.333333333333336,8,96.97584781506121,45.270952210307115,50.560965036396865,Moderate Risk
male,group A,high school,standard,none,57,43,47,49.0,6,98.84232980661471,46.18400882368741,51.68086203927449,Moderate Risk
female,group C,some college,free/reduced,none,22,39,33,31.333333333333332,9,78.96856866629855,22.20870407588878,28.4394167110414,High Risk
male,group A,some high school,standard,completed,62,67,69,66.0,7,61.480305388619705,60.63198905201561,65.61543541960685,Moderate Risk
male,group A,bachelor's degree,standard,none,77,67,68,70.66666666666667,2,83.85079513928213,60.79263129125799,66.27846126480406,Moderate Risk
female,group B,associate's degree,standard,completed,59,70,66,65.0,3,69.20035349150812,59.03076218065191,64.54779823338563,Moderate Risk
male,group D,bachelor's degree,standard,none,54,49,47,50.0,1,64.82267543109116,45.75706050637886,52.11009393606608,Moderate Risk
male,group D,some high school,standard,none,62,67,61,63.333333333333336,5,63.078128065168364,59.20876714007997,64.49822831724146,Moderate Risk
female,group E,high school,free/reduced,completed,66,74,78,72.66666666666667,8,73.59499855072265,65.01733733522519,69.61889440180677,Moderate Risk
male,group B,some college,free/reduced,none,60,60,60,60.0,1,88.99067086115046,55.23351159103841,61.049523912418806,Moderate Risk
male,group D,associate's degree,free/reduced,none,66,62,64,64.0,2,72.61161351322441,49.42067729646541,55.447231163173406,Moderate Risk
male,group B,master's degree,free/reduced,none,49,53,52,51.333333333333336,7,72.7501001172828,47.61240612194997,53.07398721733985,Moderate Risk
male,group C,high school,standard,none,52,53,49,51.333333333333336,5,85.03565505748037,42.88799620574307,48.73110717230803,High Risk
male,group C,high school,free/reduced,completed,53,51,51,51.666666666666664,3,69.31837899014535,43.90897986294105,50.05708941027511,Moderate Risk
female,group C,some college,free/reduced,completed,67,75,70,70.66666666666667,6,60.850776434015486,62.42652246952272,67.46661405619645,Moderate Risk
female,group C,associate's degree,standard,none,63,67,70,66.66666666666667,8,91.95132943094661,59.10834564130001,63.849592373796845,Moderate Risk
female,group C,bachelor's degree,free/reduced,completed,43,51,54,49.333333333333336,1,99.9173644213335,42.879134881449914,49.147494016852384,High Risk
female,group B,high school,free/reduced,completed,46,54,58,52.666666666666664,8,90.68753155724508,49.59731616361905,54.743296703509536,Moderate Risk
female,group B,master's degree,free/reduced,completed,52,70,62,61.333333333333336,4,79.19502481215636,57.33765932965296,62.739131821752586,Moderate Risk
female,group C,some college,free/reduced,none,46,64,66,58.666666666666664,6,99.36333876797181,52.39586946988628,57.630159559767016,Moderate Risk
female,group E,high school,standard,none,50,50,47,49.0,1,90.73093655458072,37.812425242270564,44.346100252993395,High Risk
male,group C,some high school,free/reduced,completed,45,52,49,48.666666666666664,6,76.85428009108281,43.59400829664839,49.32745014343929,High Risk
male,group C,associate's degree,free/reduced,completed,65,67,65,65.66666666666667,3,89.50329206355566,56.43000500042038,61.937152489198795,Moderate Risk
male,group D,some high school,standard,completed,62,66,68,65.33333333333333,4,64.41896452525579,58.97621794458413,64.39550796605168,Moderate Risk
male,group B,some high school,free/reduced,none,48,52,45,48.333333333333336,3,74.18488630563107,46.520513917773975,52.53110363830447,Moderate Risk
female,group E,associate's degree,standard,none,66,65,69,66.66666666666667,3,71.85232481823961,62.228099461680316,67.59607194099735,Moderate Risk
female,group B,some high school,standard,none,62,64,66,64.0,7,61.68372758545448,55.43784184530575,60.637103210017926,Moderate Risk
male,group D,some college,standard,completed,77,62,62,67.0,4,60.714957389336554,54.23130907394416,59.87046018149993,Moderate Risk
male,group D,associate's degree,standard,none,61,55,52,56.0,1,77.1109253494345,50.0226110502535,56.12568891379107,Moderate Risk
male,group C,some high school,free/reduced,completed,59,69,65,64.33333333333333,8,75.37306588638727,58.75018042860132,63.60318706939374,Moderate Risk
male,group E,high school,free/reduced,none,55,56,51,54.0,7,87.1858913077228,50.059498878432066,55.33455755290291,Moderate Risk
female,group B,some college,free/reduced,none,45,53,55,51.0,2,68.73015551460257,44.98454846961493,51.21909920340867,Moderate Risk
female,group D,some college,free/reduced,none,65,81,77,74.33333333333333,9,63.57644009249038,65.38054072650945,69.89747750254352,Moderate Risk
female,group B,associate's degree,standard,none,57,69,68,64.66666666666667,2,95.16473230248658,56.24703098327954,61.85670921513654,Moderate Risk
male,group C,some college,standard,none,59,41,42,47.333333333333336,7,97.7892808916564,38.38198813131374,44.083002990737626,High Risk
female,group B,some college,free/reduced,none,58,61,66,61.666666666666664,1,69.26686805533774,56.73527085356331,62.60370459227506,Moderate Risk
male,group C,some college,free/reduced,none,35,28,27,30.0,1,85.98586595969473,26.51432476368465,33.547720688553206,High Risk
female,group C,high school,free/reduced,none,42,62,60,54.666666666666664,5,84.30947179515437,47.144806587153006,52.81431518386492,Moderate Risk
male,group C,associate's degree,free/reduced,completed,60,51,56,55.666666666666664,5,80.50754044066034,49.026465962062524,54.63956053088946,Moderate Risk
female,group C,high school,free/reduced,none,34,42,39,38.333333333333336,3,67.45753048577018,36.100563886828844,42.585760945384,High Risk
male,group B,high school,free/reduced,none,66,77,70,71.0,3,91.18337894267013,61.15387293159168,66.45385555765375,Moderate Risk
male,group B,some high school,standard,completed,61,56,56,57.666666666666664,3,74.00501036666921,53.63362807430068,59.34809410729065,Moderate Risk
female,group D,high school,standard,completed,56,68,74,66.0,4,62.313707062535855,57.34852443752351,62.84810883050911,Moderate Risk
female,group C,some high school,free/reduced,none,55,65,62,60.666666666666664,6,95.35143539853703,52.67173397222278,57.91792341605138,Moderate Risk
female,group B,associate's degree,standard,completed,52,66,73,63.666666666666664,1,99.7963129058574,57.45547639565684,63.11556730344793,Moderate Risk
female,group E,master's degree,free/reduced,none,45,56,54,51.666666666666664,8,66.95580996877949,46.73925348583941,52.143202709995336,Moderate Risk
male,group D,high school,standard,none,57,50,54,53.666666666666664,1,90.32953902816365,47.693588821501855,53.816789107858625,Moderate Risk
male,group D,some college,standard,none,76,64,66,68.66666666666667,6,92.6333249996247,65.06051855856185,69.80499580430363,Moderate Risk
male,group C,associate's degree,standard,none,46,43,42,43.666666666666664,8,68.97762287346643,38.06318769904814,43.817803486469,High Risk
male,group D,bachelor's degree,free/reduced,none,63,66,67,65.33333333333333,9,63.65947349591019,57.719441440961596,62.55596124054416,Moderate Risk
male,group B,some college,standard,none,54,52,51,52.333333333333336,2,70.62400170354825,46.9541945946941,53.09539913005956,Moderate Risk
female,group D,high school,standard,none,56,52,55,54.333333333333336,9,94.48510469061802,47.79160978435659,52.862914468599676,Moderate Risk
male,group E,some college,standard,none,59,51,43,51.0,4,92.38064298899512,45.461254654181204,51.28191579262074,Moderate Risk
female,group B,high school,standard,completed,58,70,68,65.33333333333333,5,76.33812852282794,57.00423380746466,62.30837482373599,Moderate Risk
female,group B,high school,standard,none,65,64,62,63.666666666666664,4,74.90754068049256,57.43721069588113,62.85955765574197,Moderate Risk
male,group C,high school,standard,none,68,60,53,60.333333333333336,8,70.39015135041305,56.057106297188966,61.05171904484232,Moderate Risk
male,group A,some high school,standard,completed,47,49,49,48.333333333333336,8,88.9368045475434,41.31561222972514,46.81781048310752,High Risk
female,group B,some high school,standard,completed,60,70,70,66.66666666666667,3,63.24184863630592,62.06456790581439,67.48964689285765,Moderate Risk
male,group D,high school,standard,none,54,52,52,52.666666666666664,1,87.33035054638384,44.34542465880575,50.6260171267016,Moderate Risk
female,group E,some college,standard,none,62,73,70,68.33333333333333,3,63.045234379612005,63.69447682519412,69.05260894249483,Moderate Risk
female,group C,some high school,free/reduced,none,44,50,51,48.333333333333336,6,87.12064610236254,41.20497788191622,46.978286634350454,High Risk
male,group D,some high school,free/reduced,none,59,42,41,47.333333333333336,5,95.14519945420632,43.11197336608509,48.88669982184352,High Risk
female,group E,some college,free/reduced,none,71,76,70,72.33333333333333,3,94.6917680383921,64.07538698480823,69.23282905680563,Moderate Risk
male,group C,bachelor's degree,standard,none,69,63,61,64.33333333333333,4,88.3345190686014,60.94122366867547,66.13878206742064,Moderate Risk
male,group C,some college,standard,none,58,49,42,49.666666666666664,3,93.48053313454687,42.24249327182323,48.31914899988766,High Risk
female,group D,associate's degree,free/reduced,none,47,53,58,52.666666666666664,1,87.89885846677134,46.56480472646264,52.749355853486485,Moderate Risk
female,group D,some college,standard,none,65,70,71,68.66666666666667,1,87.20563087041202,58.1521156362813,63.8566159981954,Moderate Risk
female,group E,high school,standard,completed,59,63,75,65.66666666666667,9,95.23483036795713,61.5762060151695,66.0672360052568,Moderate Risk
male,group B,bachelor's degree,free/reduced,none,73,56,57,62.0,8,61.169891321382366,61.84893182530976,66.65540666083984,Moderate Risk
male,group D,high school,standard,none,53,52,42,49.0,1,93.03267002259051,47.161047257439066,53.29071332276254,Moderate Risk
male,group D,high school,standard,none,45,48,46,46.333333333333336,5,65.1547946989378,44.53674209807092,50.427050648034594,Moderate Risk
female,group B,some high school,standard,none,37,46,46,43.0,4,66.43039584193232,38.31334765561242,44.584153374912745,High Risk
male,group C,associate's degree,standard,none,76,70,68,71.33333333333333,9,84.67707673502969,63.40774044398604,67.88389611253231,Moderate Risk
male,group C,some high school,standard,completed,63,60,57,60.0,3,85.27254108066674,54.43125515020377,60.046609349472696,Moderate Risk
female,group E,bachelor's degree,standard,none,65,73,75,71.0,8,70.39214324256639,62.996861722298576,67.70153153730574,Moderate Risk
male,group B,associate's degree,free/reduced,none,67,62,60,63.0,2,81.59941518863423,55.96637404140728,61.666982169620546,Moderate Risk
male,group A,some high school,standard,completed,46,41,43,43.333333333333336,6,91.19381580604575,40.29556038271561,46.08308084025234,High Risk
male,group C,high school,free/reduced,completed,40,46,50,45.333333333333336,2,90.44111610008112,38.799725534758394,45.16590284879769,High Risk
male,group D,some high school,free/reduced,none,56,54,52,54.0,8,73.67488664154745,46.141376358391184,51.53107286076477,Moderate Risk
male,group B,associate's degree,standard,none,80,76,64,73.33333333333333,9,97.2811242204007,64.38858997258119,68.75017549178956,Moderate Risk
male,group A,some college,standard,none,69,67,69,68.33333333333333,7,97.48913948945804,61.10695086011765,65.86030747263375,Moderate Risk
male,group C,some high school,standard,none,51,52,44,49.0,3,62.713482364206875,48.805897435691506,54.787986361052035,Moderate Risk
female,group B,associate's degree,free/reduced,none,53,71,67,63.666666666666664,2,72.03854267787266,59.40485413105651,65.01763191082051,Moderate Risk
female,group D,high school,free/reduced,none,49,57,52,52.666666666666664,9,88.32688354581126,50.19640645261524,55.203199104855905,Moderate Risk
female,group B,associate's degree,standard,none,73,76,80,76.33333333333333,8,62.69402405875087,64.82050518083989,69.49393364956867,Moderate Risk
male,group B,bachelor's degree,standard,none,66,60,57,61.0,7,83.28681840705093,56.52765743729701,61.55525305216308,Moderate Risk
male,group D,bachelor's degree,standard,completed,67,61,68,65.33333333333333,9,73.83532227811827,59.96371891297987,64.64706231991498,Moderate Risk
female,group C,associate's degree,free/reduced,completed,68,67,69,68.0,4,84.83662071069908,61.3455438718786,66.54663381381272,Moderate Risk
female,group C,bachelor's degree,standard,completed,59,64,75,66.0,4,61.829681352500515,60.86919266088264,66.22451556661795,Moderate Risk
male,group C,high school,standard,none,71,66,65,67.33333333333333,1,94.86147224609505,57.24818021204107,62.94574491600654,Moderate Risk
male,group B,bachelor's degree,standard,none,63,71,69,67.66666666666667,7,89.986073269717,64.89407842376082,69.53302376263673,Moderate Risk
female,group D,associate's degree,free/reduced,none,56,65,63,61.333333333333336,2,65.20344960522527,60.293400866995455,65.90896507245822,Moderate Risk
female,group C,some high school,free/reduced,none,43,53,53,49.666666666666664,3,72.94440876598165,46.74392960628823,52.752428235992,Moderate Risk
female,group C,high school,free/reduced,none,41,46,43,43.333333333333336,9,79.54572761618664,42.552285724348835,47.929707867278225,High Risk
male,group C,some college,standard,none,61,61,62,61.333333333333336,6,87.33181506426021,60.84749445542634,65.79893895937303,Moderate Risk
male,group A,some college,free/reduced,none,28,23,19,23.333333333333332,1,77.83610825506993,16.053165442264525,23.571195411729207,High Risk
female,group B,some high school,standard,none,41,55,51,49.0,6,99.88498000630844,48.372654498394795,53.771982005168766,Moderate Risk
male,group C,high school,standard,none,71,60,61,64.0,6,77.04725208943891,59.92762723114959,64.97755125169695,Moderate Risk
male,group C,associate's degree,standard,none,47,37,35,39.666666666666664,5,78.05548097318702,36.92313588343841,43.05620418077404,High Risk
male,group E,associate's degree,standard,completed,62,56,53,57.0,1,66.54495284766676,51.04247646874246,57.16463816393816,Moderate Risk
female,group B,some college,free/reduced,none,61,68,66,65.0,5,68.83078451155042,59.65492176255775,64.8921550164402,Moderate Risk
male,group C,associate's degree,standard,none,49,51,43,47.666666666666664,4,87.21997208298852,40.65264643731527,46.70433501174387,High Risk
female,group B,some high school,free/reduced,none,24,38,27,29.666666666666668,6,86.1804485712454,24.0270767819536,30.52353891316082,High Risk
female,group D,some high school,free/reduced,completed,35,55,60,50.0,4,70.93038107992837,47.25590799521646,53.12683429575308,Moderate Risk
male,group C,high school,free/reduced,none,58,61,52,57.0,3,98.0345424900164,52.957161806999856,58.55958698481717,Moderate Risk
female,group C,high school,standard,none,61,73,63,65.66666666666667,7,66.04231567123601,63.05474423707714,67.91033552398294,Moderate Risk
female,group B,high school,standard,completed,69,76,74,73.0,8,77.29339204170408,64.7719785842042,69.36219232429914,Moderate Risk
male,group D,associate's degree,standard,completed,67,72,67,68.66666666666667,4,97.74463680670395,63.602731720650844,68.63415344891261,Moderate Risk
male,group D,some college,standard,none,79,73,67,73.0,2,76.78909267704489,62.296427942740976,67.76066335195564,Moderate Risk
male,group B,some college,standard,none,62,61,57,60.0,1,75.90377591851177,57.125220300731385,62.93861134912101,Moderate Risk
female,group B,bachelor's degree,standard,none,52,65,69,62.0,5,95.76396814716537,56.19862004696555,61.42299559150543,Moderate Risk
male,group E,some college,standard,none,66,57,52,58.333333333333336,5,69.19818423564345,51.80715826364354,57.370112713357315,Moderate Risk
female,group C,associate's degree,standard,none,46,58,57,53.666666666666664,9,61.24536331538045,45.98155172443832,51.322556192741665,Moderate Risk
female,group C,some college,standard,none,59,71,70,66.66666666666667,5,86.0666730150354,63.11584982171699,68.10785524833011,Moderate Risk
female,group B,bachelor's degree,standard,none,61,72,70,67.66666666666667,1,74.74105374895045,62.226287630710026,67.83335351716033,Moderate Risk
male,group A,associate's degree,standard,none,63,61,61,61.666666666666664,1,94.57432999358548,51.83000478190039,57.75560828926777,Moderate Risk
female,group C,some college,free/reduced,completed,42,66,69,59.0,2,78.9283962676623,51.3094820524034,57.220242707570186,Moderate Risk
male,group D,some college,free/reduced,none,59,62,61,60.666666666666664,6,98.72773711658887,56.47225861038416,61.5399551426625,Moderate Risk
female,group B,high school,standard,none,58,62,59,59.666666666666664,8,94.74492671822443,61.122112870654576,65.76291667576618,Moderate Risk
female,group C,some college,standard,none,52,58,58,56.0,1,90.83687378576208,51.633390716483085,57.58903050830883,Moderate Risk
female,group D,some high school,free/reduced,none,27,34,32,31.0,7,93.79132912467551,28.961538581453553,35.079467017683434,High Risk
male,group C,some college,standard,none,59,60,58,59.0,5,90.44095963771996,54.393770901276916,59.72462973195024,Moderate Risk
male,group A,bachelor's degree,free/reduced,completed,49,58,60,55.666666666666664,6,85.04881286525662,50.43611101779036,55.83585548357207,Moderate Risk
male,group C,high school,standard,completed,69,58,53,60.0,7,65.2497951072955,55.674567945424236,60.843117908397566,Moderate Risk
male,group C,bachelor's degree,free/reduced,none,61,66,61,62.666666666666664,3,61.30104717965008,59.61667440913704,65.15535412509377,Moderate Risk
female,group A,some high school,free/reduced,none,44,64,58,55.333333333333336,3,96.83391391262748,49.82736931743315,55.56756213065623,Moderate Risk
female,group C,some college,free/reduced,completed,45,73,70,62.666666666666664,9,79.26089406050201,53.43386952742785,58.35834048457361,Moderate Risk
female,group D,bachelor's degree,standard,none,59,70,73,67.33333333333333,4,87.42261148915885,60.20869006356366,65.44217688567277,Moderate Risk
male,group E,associate's degree,free/reduced,none,46,43,41,43.333333333333336,5,77.2122357959785,37.63368493954283,43.7419911925412,High Risk
male,group A,bachelor's degree,standard,none,66,64,62,64.0,1,83.27885607657595,57.9154894243817,63.652803095158106,Moderate Risk
female,group E,some high school,free/reduced,none,38,49,45,44.0,5,78.20880596327206,39.624350571817615,45.643671438866235,High Risk
female,group A,some high school,free/reduced,none,38,43,43,41.333333333333336,4,60.46482159632403,36.71894586765013,43.09119451858837,High Risk
female,group C,associate's degree,free/reduced,none,57,78,67,67.33333333333333,3,79.19755338868494,62.05479862990998,67.38712435873785,Moderate Risk
female,group D,high school,standard,none,62,64,64,63.333333333333336,1,84.00082192477214,57.85376415734113,63.5894412263959,Moderate Risk
male,group E,some high school,free/reduced,completed,73,67,59,66.33333333333333,5,87.79927544506171,57.53620981073922,62.75120697101762,Moderate Risk
male,group E,some college,standard,none,76,67,67,70.0,8,91.194039555734,62.091628398419786,66.71266022573464,Moderate Risk
male,group C,associate's degree,standard,completed,57,54,56,55.666666666666664,7,61.58475301393429,49.38508358105161,54.837796887598365,Moderate Risk
male,group A,high school,free/reduced,none,48,45,41,44.666666666666664,1,64.197207136727,34.340733988838124,41.17437428167579,High Risk
female,group B,high school,free/reduced,none,50,67,63,60.0,4,69.6818006345011,58.58091049526944,63.98598740213392,Moderate Risk
male,group B,some high school,standard,none,74,63,57,64.66666666666667,2,65.69982171606053,56.66491971253774,62.42917756049793,Moderate Risk
male,group D,some high school,standard,none,60,59,54,57.666666666666664,3,79.95552613805424,54.6785272938966,60.314595610471805,Moderate Risk
female,group C,some high school,standard,completed,59,54,67,60.0,1,84.72622937272476,50.82260409980701,56.8477957289121,Moderate Risk
male,group A,some college,standard,none,53,43,43,46.333333333333336,1,88.09859882176416,42.08347287713019,48.454080272629106,High Risk
female,group A,some college,free/reduced,none,49,65,55,56.333333333333336,3,82.38594733947656,50.46725244549376,56.265070111408576,Moderate Risk
female,group C,high school,standard,none,54,59,62,58.333333333333336,3,73.05845232975967,53.73625955774498,59.45196453765605,Moderate Risk
female,group C,some high school,standard,none,63,73,68,68.0,1,80.70846573538846,60.567575180520656,66.20909704330018,Moderate Risk
male,group B,associate's degree,standard,completed,65,65,63,64.33333333333333,1,63.514659965793335,56.95286717167669,62.84579581857698,Moderate Risk
female,group D,high school,free/reduced,completed,52,57,56,55.0,2,61.328124351654665,46.08697927136554,52.31869092541826,Moderate Risk
female,group D,master's degree,standard,completed,70,71,74,71.66666666666667,2,75.87693104806384,63.5690280536417,68.98542225741355,Moderate Risk
male,group D,associate's degree,standard,none,71,66,60,65.66666666666667,7,82.70163393046232,63.93956595731227,68.6609212549952,Moderate Risk
male,group B,some high school,standard,completed,63,67,67,65.66666666666667,1,87.57859876549063,61.899109530530424,67.44488912647972,Moderate Risk
male,group C,associate's degree,standard,none,74,73,67,71.33333333333333,9,64.18271361337601,63.99435173652531,68.56566127499266,Moderate Risk
male,group D,some college,standard,none,68,59,62,63.0,7,85.45720998174546,54.06907376164118,59.18671248680855,Moderate Risk
male,group E,high school,free/reduced,completed,57,56,54,55.666666666666664,4,88.25902905947605,46.479615234296794,52.28179606287538,Moderate Risk
female,group D,high school,standard,completed,57,58,64,59.666666666666664,2,97.4484898497476,55.29433228790025,60.93047837410129,Moderate Risk
female,group D,master's degree,free/reduced,completed,47,58,67,57.333333333333336,8,62.0788513460589,57.383647909996185,62.37136760060149,Moderate Risk
male,group B,some college,free/reduced,none,41,39,34,38.0,9,88.36242077803666,30.105445100707627,35.951396813302225,High Risk
female,group C,some college,free/reduced,none,62,67,62,63.666666666666664,5,94.83876494984342,53.81991819602197,59.14907393265206,Moderate Risk
male,group A,some high school,free/reduced,none,65,59,53,59.0,5,73.57800770171224,54.07921727087678,59.52167621623151,Moderate Risk
male,group C,some high school,free/reduced,none,68,63,54,61.666666666666664,9,92.5930045498605,55.82618319020784,60.57286442261727,Moderate Risk
male,group C,associate's degree,free/reduced,none,64,66,59,63.0,8,63.204593855387,60.42881055976494,65.28273554841984,Moderate Risk
female,group C,high school,standard,none,61,72,70,67.66666666666667,3,95.7926662424211,61.3944835332744,66.65750136815463,Moderate Risk
male,group C,high school,standard,none,61,56,55,57.333333333333336,1,81.90369504614945,53.754851374546085,59.674018725086235,Moderate Risk
female,group A,some high school,free/reduced,none,47,59,50,52.0,3,92.69191079849975,47.04335681263484,52.924045111717234,Moderate Risk
male,group C,some high school,standard,none,73,66,66,68.33333333333333,4,78.092731380732,61.69448058932223,66.92036843936779,Moderate Risk
male,group C,some college,free/reduced,completed,50,48,53,50.333333333333336,2,85.743107807861,45.31406652390052,51.43551613968981,Moderate Risk
male,group C,high school,standard,none,70,56,51,59.0,8,63.26519928122358,54.26508887761601,59.37616992494096,Moderate Risk
female,group A,some high school,free/reduced,none,59,73,69,67.0,7,94.87134266368807,60.317241656176286,65.11887565650362,Moderate Risk
male,group D,some college,free/reduced,none,69,66,60,65.0,9,67.28471662754797,56.480626087240076,61.34773461207357,Moderate Risk
male,group B,high school,standard,none,47,46,42,45.0,1,86.34831102003504,40.32190643201269,46.77632860528405,High Risk
male,group C,some college,free/reduced,none,65,58,49,57.333333333333336,1,99.85335664226967,51.90450404904222,57.79617217530501,Moderate Risk
female,group C,associate's degree,free/reduced,none,53,61,62,58.666666666666664,4,98.99172648587133,48.469121668211386,54.1255187082475,Moderate Risk
male,group C,bachelor's degree,free/reduced,none,37,56,47,46.666666666666664,9,86.01302745387747,34.972766228088766,40.629086980217544,High Risk
male,group D,associate's degree,free/reduced,none,53,54,48,51.666666666666664,9,87.20912969725165,45.16413324183329,50.38769208727076,Moderate Risk
male,group C,bachelor's degree,free/reduced,none,53,58,55,55.333333333333336,3,70.30731554044854,52.69668458905805,58.47188446689398,Moderate Risk
male,group B,some college,free/reduced,none,54,54,45,51.0,5,78.50491826957266,47.862542794753345,53.53595692879188,Moderate Risk
female,group D,associate's degree,free/reduced,none,26,31,38,31.666666666666668,5,73.83739970187852,29.884895743886087,36.33663819954717,High Risk
male,group A,high school,free/reduced,completed,72,67,65,68.0,4,74.8415505193841,62.28225940766655,67.50257368644763,Moderate Risk
female,group C,high school,standard,none,63,69,74,68.66666666666667,7,83.14701634289574,64.524679332307,69.21898910046639,Moderate Risk
female,group D,some high school,standard,none,59,67,61,62.333333333333336,7,89.01030641660546,51.458290970671555,56.66425815834774,Moderate Risk
male,group E,bachelor's degree,standard,completed,76,62,66,68.0,7,96.02807456045034,64.39593137034016,69.02041070798268,Moderate Risk
female,group D,master's degree,standard,none,55,64,70,63.0,9,71.07311188940207,50.066969958948896,55.17991074284069,Moderate Risk
male,group B,high school,standard,completed,73,71,68,70.66666666666667,6,96.49453382466764,64.90544768218295,69.63385888763639,Moderate Risk
female,group D,associate's degree,free/reduced,none,52,59,56,55.666666666666664,7,68.42648756022666,49.263587151370366,54.681429183403985,Moderate Risk
male,group C,some college,free/reduced,none,68,68,61,65.66666666666667,8,84.9186633425393,57.40930769184863,62.26259936328449,Moderate Risk
male,group A,high school,standard,none,59,52,46,52.333333333333336,9,85.26240880370082,47.03938387292065,52.19596432332139,Moderate Risk
female,group B,associate's degree,standard,none,49,52,54,51.666666666666664,2,89.32452089661123,45.74251504815436,51.825153823022795,Moderate Risk
male,group D,some college,free/reduced,none,61,47,56,54.666666666666664,5,88.63299858728354,48.85928584293134,54.431922381242096,Moderate Risk
male,group B,some high school,standard,completed,64,53,57,58.0,6,67.18732435480968,51.135284330431844,56.61010731261837,Moderate Risk
female,group C,associate's degree,standard,none,64,64,70,66.0,1,67.23907810837959,61.08778844105493,66.78622108247151,Moderate Risk
female,group B,high school,standard,none,54,64,68,62.0,1,69.88924297612708,62.31909740462064,67.95061437448597,Moderate Risk
male,group D,high school,standard,completed,68,64,66,66.0,7,94.82999605090046,57.21423549785803,62.14574928592823,Moderate Risk
female,group C,some college,standard,none,54,48,52,51.333333333333336,9,77.81221020010662,49.050530235921194,54.16658823748161,Moderate Risk
female,group B,some high school,standard,none,66,69,68,67.66666666666667,4,74.36933477599062,64.45365054879714,69.58600491060791,Moderate Risk
male,group E,some college,standard,none,76,71,72,73.0,6,83.71803405739709,63.876685720487544,68.72267568219613,Moderate Risk
male,group C,some college,free/reduced,none,63,61,54,59.333333333333336,7,98.7764928934115,51.16516290613518,56.326354150766164,Moderate Risk
female,group D,master's degree,free/reduced,none,40,59,54,51.0,7,86.26946658165168,46.16468200184886,51.60781034733727,Moderate Risk
male,group A,high school,standard,none,68,70,66,68.0,2,90.93892502746402,61.436632714861986,66.85417156058905,Moderate Risk
male,group B,bachelor's degree,free/reduced,none,55,59,54,56.0,4,65.23494642873399,49.06435324214983,54.89297997390575,Moderate Risk
male,group A,some high school,standard,none,64,50,43,52.333333333333336,1,62.93986989320051,47.78715318429387,54.06636599291045,Moderate Risk
male,group D,some high school,free/reduced,none,62,49,52,54.333333333333336,3,66.79031620350163,49.918058174391376,55.82987927428712,Moderate Risk
female,group B,some high school,standard,completed,54,61,62,59.0,9,80.79095794224071,50.598689709398805,55.63267604444747,Moderate Risk
male,group D,some college,standard,none,71,49,52,57.333333333333336,6,66.681676316038,48.960995173375295,54.529608650818254,Moderate Risk
male,group D,bachelor's degree,standard,none,69,58,57,61.333333333333336,6,61.46685707734172,58.651966336804165,63.84615538430527,Moderate Risk
male,group C,master's degree,free/reduced,none,54,59,50,54.333333333333336,5,89.45608060262562,48.11217647195973,53.711220210734666,Moderate Risk
male,group C,high school,standard,completed,53,52,49,51.333333333333336,5,86.5521811048722,49.248303536957195,54.81683694782229,Moderate Risk
male,group E,some college,standard,none,68,60,59,62.333333333333336,4,78.98523502999255,61.472187827700125,66.70215158780522,Moderate Risk
male,group C,some high school,free/reduced,completed,56,61,60,59.0,3,93.76681795876789,55.880151673769895,61.38537743906281,Moderate Risk
female,group C,high school,free/reduced,none,36,53,43,44.0,3,92.22680611800213,36.412819582851725,42.7403494677148,High Risk
female,group D,bachelor's degree,free/reduced,none,29,41,47,39.0,4,83.41417457587008,31.14062486387174,37.61193079908351,High Risk
female,group C,associate's degree,standard,none,62,74,70,68.66666666666667,9,94.73085122053035,62.12741040637479,66.59835461386659,Moderate Risk
female,group C,associate's degree,standard,completed,68,67,73,69.33333333333333,2,68.23364840147073,62.15804597278934,67.67801586470576,Moderate Risk
female,group C,some high school,standard,none,47,54,53,51.333333333333336,9,64.47678477590911,44.78479847198846,50.156933808786825,Moderate Risk
male,group E,associate's degree,standard,completed,62,61,58,60.333333333333336,1,70.78998446067959,57.25777811900219,63.09548928464052,Moderate Risk
male,group B,high school,standard,completed,73,69,68,70.0,5,81.24678112004128,62.59877142431695,67.64052166932844,Moderate Risk
male,group C,associate's degree,standard,completed,51,60,58,56.333333333333336,6,61.573741626740386,47.76659321890941,53.41493076349614,Moderate Risk
female,group D,high school,standard,none,51,66,62,59.666666666666664,3,64.88439656040107,52.541755125063474,58.35509077389876,Moderate Risk
female,group D,master's degree,standard,none,64,63,66,64.33333333333333,8,99.46520491835388,61.35886815825647,65.96222019238503,Moderate Risk
male,group C,high school,standard,completed,72,67,64,67.66666666666667,2,98.07247141692956,63.59055125558379,68.87645200175066,Moderate Risk
female,group C,high school,free/reduced,none,62,67,64,64.33333333333333,5,85.56479751262002,65.01417733419468,69.92980415866901,Moderate Risk
female,group B,associate's degree,standard,none,40,48,50,46.0,1,79.5538632102768,39.022262994702785,45.57065317891488,High Risk
male,group D,some college,free/reduced,none,77,62,64,67.66666666666667,9,86.67457030184417,59.853956253787,64.46692017555688,Moderate Risk
male,group E,associate's degree,standard,none,53,45,40,46.0,1,65.58605019025252,45.822679593106926,52.16851441192538,Moderate Risk
female,group C,some college,free/reduced,none,32,39,33,34.666666666666664,5,61.19894359490712,31.954841002365306,38.39389743886543,High Risk
male,group C,master's degree,free/reduced,none,61,67,66,64.66666666666667,3,88.18723050946588,62.48637596999327,67.74818262911637,Moderate Risk
female,group B,associate's degree,free/reduced,none,53,70,70,64.33333333333333,6,68.07413808491793,56.84490880753808,62.076015402626325,Moderate Risk
male,group D,some high school,standard,none,73,66,62,67.0,2,86.93729733299669,62.58147841631841,67.97455204681853,Moderate Risk
male,group B,bachelor's degree,free/reduced,none,48,51,46,48.333333333333336,8,94.72569017510021,43.15353544253435,48.54514848999213,High Risk
male,group B,associate's degree,standard,none,48,43,45,45.333333333333336,2,67.08599157789544,39.50120251945876,45.974438084297724,High Risk
male,group B,high school,free/reduced,none,63,48,47,52.666666666666664,8,97.78456877896093,56.72520313412914,61.53195471231817,Moderate Risk
male,group D,bachelor's degree,free/reduced,none,68,68,67,67.66666666666667,1,87.32992113158583,62.11511803240559,67.65332512369358,Moderate Risk
male,group B,some college,standard,completed,71,75,70,72.0,6,79.8869905603371,61.59846645546744,66.56200509662787,Moderate Risk
female,group C,some college,standard,none,53,62,56,57.0,2,94.75619937914873,51.37102175417613,57.18679676800301,Moderate Risk
female,group C,high school,free/reduced,completed,50,66,64,60.0,1,82.82438986555319,56.47490855689614,62.275060787380156,Moderate Risk
male,group A,associate's degree,free/reduced,completed,40,55,53,49.333333333333336,9,97.23794782027912,47.25397193244674,52.33166505315986,Moderate Risk
male,group A,some college,standard,completed,61,51,52,54.666666666666664,6,87.58107004126245,48.237593358598005,53.7144029707055,Moderate Risk
female,group B,some college,free/reduced,completed,48,56,58,54.0,1,68.62700609590868,45.81937027750336,52.147587966756255,Moderate Risk
female,group D,master's degree,standard,none,53,61,68,60.666666666666664,2,86.35541880930629,47.387686549933434,53.418928678760004,Moderate Risk
female,group A,high school,standard,none,55,73,73,67.0,1,99.0869673688527,63.57226519380378,68.98094865241774,Moderate Risk
female,group C,bachelor's degree,free/reduced,none,44,63,62,56.333333333333336,5,76.27631842891482,50.87626871723217,56.43678669579319,Moderate Risk
female,group C,some college,standard,none,54,64,65,61.0,5,94.83013801349037,58.4672597971466,63.602307793411505,Moderate Risk
female,group A,some high school,standard,none,48,66,65,59.666666666666664,6,91.29541936233093,51.30357466469325,56.63060557337435,Moderate Risk
male,group C,some college,free/reduced,none,58,57,54,56.333333333333336,3,82.68065043946672,51.33271213857874,57.09265165673398,Moderate Risk
male,group A,some high school,standard,none,71,62,50,61.0,5,89.53796837005306,56.027900963415846,61.29576093225122,Moderate Risk
male,group E,bachelor's degree,standard,none,68,68,64,66.66666666666667,7,95.14062245205392,62.650350816205425,67.35293918441764,Moderate Risk
male,group B,high school,free/reduced,none,30,24,15,23.0,3,92.31383767765034,19.97434946722577,26.988142812903448,High Risk
male,group A,some high school,standard,none,53,54,48,51.666666666666664,1,90.49140539106463,47.57784475299666,53.70493553420461,Moderate Risk
female,group D,master's degree,standard,none,54,60,63,59.0,1,92.71336864700086,55.42866262063398,61.21478595149542,Moderate Risk
female,group C,high school,standard,none,29,29,30,29.333333333333332,3,64.80836221482434,21.71016579119515,28.81203730042489,High Risk
male,group D,high school,free/reduced,none,60,57,51,56.0,1,60.230346419924864,50.41923026589737,56.604299559111084,Moderate Risk
male,group C,some high school,standard,none,75,72,62,69.66666666666667,8,74.65846139485592,65.07878203186486,69.67156274668118,Moderate Risk
female,group C,master's degree,free/reduced,none,40,58,54,50.666666666666664,8,87.8186882675945,45.97633192546415,51.2903415572633,Moderate Risk
female,group E,some college,standard,none,61,64,62,62.333333333333336,7,75.54232405081383,56.53724628513445,61.609659475543744,Moderate Risk
female,group B,associate's degree,standard,none,58,63,65,62.0,2,77.94774490490123,58.74827597283475,64.35398211708542,Moderate Risk
female,group C,some college,standard,none,58,59,66,61.0,6,74.9300716651736,56.40283748655891,61.6123829819476,Moderate Risk
female,group C,associate's degree,standard,none,65,77,74,72.0,2,62.92783695073774,64.22135379327523,69.68610147378723,Moderate Risk
female,group C,high school,standard,none,60,68,72,66.66666666666667,6,86.72851194220065,57.95827450124801,63.03394828977785,Moderate Risk
female,group E,bachelor's degree,standard,none,37,45,38,40.0,5,84.77961384038458,34.73402722711569,40.91929225613609,High Risk
male,group C,associate's degree,free/reduced,completed,65,73,68,68.66666666666667,7,94.53334598287302,64.61488523474782,69.23894439780747,Moderate Risk
female,group C,high school,free/reduced,none,35,61,54,50.0,5,80.76327140544872,43.152686550686575,49.00968458844592,High Risk
male,group B,bachelor's degree,free/reduced,none,62,63,56,60.333333333333336,5,79.16727510518925,51.721680021826884,57.22999855994673,Moderate Risk
male,group C,high school,free/reduced,completed,58,51,52,53.666666666666664,2,61.02568263225743,49.085005493709666,55.19323053986222,Moderate Risk
female,group E,bachelor's degree,free/reduced,none,61,58,62,60.333333333333336,7,75.20782475143429,55.331749456763546,60.4564793343197,Moderate Risk
male,group D,associate's degree,standard,none,61,48,46,51.666666666666664,6,81.34410186907513,53.55520952607838,58.84627419396009,Moderate Risk
male,group D,some college,free/reduced,none,49,57,46,50.666666666666664,2,84.31620371173778,47.318277215141414,53.36432562027668,Moderate Risk
female,group C,some high school,standard,completed,44,51,55,50.0,2,90.59533046168514,48.662137277742474,54.61537920758531,Moderate Risk
male,group D,some college,standard,none,67,64,70,67.0,2,92.51942954864374,63.52442059294193,68.84550700089703,Moderate Risk
male,group B,high school,standard,none,79,60,65,68.0,3,88.72492304905978,63.44334095645242,68.66202777559394,Moderate Risk
male,group A,high school,standard,none,71,74,64,69.66666666666667,6,60.302514999125684,63.765243587834185,68.7526068216878,Moderate Risk
male,group D,high school,standard,none,41,52,51,48.0,1,62.41069561158243,40.98855814827636,47.55489453324776,High Risk
male,group B,high school,standard,none,70,65,60,65.0,1,79.43487036745303,58.87077142170745,64.5906190973433,Moderate Risk
female,group D,associate's degree,standard,none,59,70,65,64.66666666666667,4,71.39491607847691,62.275655910490755,67.51637011580851,Moderate Risk
female,group E,high school,free/reduced,none,64,62,68,64.66666666666667,8,72.29159859705146,56.290362313422364,61.26412793846751,Moderate Risk
female,group B,high school,standard,none,50,53,55,52.666666666666664,5,92.12103591330654,51.23490234526865,56.68792383941351,Moderate Risk
male,group C,some high school,free/reduced,completed,51,56,53,53.333333333333336,6,72.45230796624014,51.03519553727694,56.48345912750822,Moderate Risk
female,group A,associate's degree,standard,completed,65,70,74,69.66666666666667,3,70.90496002934135,62.857104373419645,68.20432951410227,Moderate Risk
female,group B,some college,standard,none,62,67,67,65.33333333333333,7,64.87544373347791,60.82171205155021,65.77740874090587,Moderate Risk
male,group C,associate's degree,free/reduced,none,77,67,64,69.33333333333333,7,67.24597398138721,64.21057580714617,69.01085053395066,Moderate Risk
male,group D,some high school,standard,none,69,66,61,65.33333333333333,6,87.24471415859931,63.339895700677744,68.18772043573708,Moderate Risk
female,group D,associate's degree,free/reduced,none,43,60,58,53.666666666666664,8,67.25753390782508,46.44419363040629,51.85870826751943,Moderate Risk
female,group C,high school,standard,none,65,69,67,67.0,9,70.26251134805455,62.57308328780051,67.16827259931357,Moderate Risk
male,group D,associate's degree,standard,none,80,63,63,68.66666666666667,3,98.5170750095032,56.42882040182792,61.88338813845435,Moderate Risk
female,group C,some high school,free/reduced,completed,50,60,60,56.666666666666664,3,79.34182586879699,49.31285380297259,55.17667417154147,Moderate Risk
female,group C,some college,free/reduced,completed,63,73,71,69.0,2,92.23970199100633,64.05778113920319,69.3582179009689,Moderate Risk
male,group C,some college,standard,none,73,74,61,69.33333333333333,3,61.736501314192765,64.26593565489719,69.60783455175107,Moderate Risk
male,group D,associate's degree,free/reduced,none,52,57,50,53.0,2,84.06447280585326,44.657034915993385,50.81573533999669,Moderate Risk
female,group B,some college,standard,completed,50,64,66,60.0,1,68.48179359632907,54.94115002691803,60.88912296939544,Moderate Risk
male,group D,some college,free/reduced,none,63,61,60,61.333333333333336,1,96.00092493592044,58.05413865202404,63.71137878713877,Moderate Risk
male,group B,high school,standard,none,60,68,60,62.666666666666664,9,69.47482235897928,53.0196062121811,58.018522838617905,Moderate Risk
male,group B,high school,standard,none,62,55,54,57.0,9,91.22102060975448,55.7173212269617,60.476561202883374,Moderate Risk
female,group C,some high school,free/reduced,completed,29,40,44,37.666666666666664,6,70.99224142192544,37.069242463923985,43.109505036097126,High Risk
male,group B,some college,standard,completed,62,66,68,65.33333333333333,8,92.90457274054714,59.83905080962378,64.54420415869376,Moderate Risk
male,group A,high school,free/reduced,none,53,58,44,51.666666666666664,8,84.95437298706292,47.33627343057108,52.61019102139326,Moderate Risk
female,group C,associate's degree,standard,none,49,53,53,51.666666666666664,3,83.46433852701897,51.469378602096214,57.21903266506315,Moderate Risk
female,group C,some high school,standard,none,49,63,56,56.0,7,68.66959200363102,51.52756321329621,56.84940070905299,Moderate Risk
female,group A,bachelor's degree,standard,none,59,72,70,67.0,8,85.67886001773064,61.30789728284395,65.99387384243894,Moderate Risk
male,group C,high school,free/reduced,none,66,66,59,63.666666666666664,7,81.86789650856281,60.5157508907851,65.38501540587048,Moderate Risk
female,group B,some high school,standard,none,57,67,72,65.33333333333333,7,75.63623983622058,61.28647862360203,66.15992852859986,Moderate Risk
female,group D,some college,standard,none,63,64,67,64.66666666666667,6,79.87067435436677,57.9935934844913,63.10783291788021,Moderate Risk
female,group B,some high school,free/reduced,completed,59,63,64,62.0,3,99.51142080859549,60.3343738708111,65.61996841784203,Moderate Risk
male,group A,bachelor's degree,free/reduced,none,62,72,65,66.33333333333333,3,65.45759010226932,60.593818998037314,66.06740623447894,Moderate Risk
male,group D,high school,standard,none,46,34,36,38.666666666666664,9,87.80578216190375,32.17200142117631,37.93486596338955,High Risk
male,group C,some college,standard,none,66,59,52,59.0,7,76.17275072417169,50.5795528844362,55.897187573733376,Moderate Risk
female,group D,associate's degree,free/reduced,completed,42,61,58,53.666666666666664,7,88.70391062632706,51.71194924215027,56.909107983151,Moderate Risk
female,group B,some high school,standard,completed,60,70,74,68.0,9,88.97355268514964,60.0379964502327,64.62984829446637,Moderate Risk
male,group D,some high school,free/reduced,completed,55,59,59,57.666666666666664,2,72.93486248462082,52.11244492997949,58.02465390447792,Moderate Risk
male,group C,high school,standard,none,50,48,42,46.666666666666664,6,74.1998522332775,41.64626713298667,47.47658087347924,High Risk
male,group B,some college,standard,none,47,43,41,43.666666666666664,2,62.77695370984374,39.23678377167115,45.74622571001595,High Risk
male,group E,some high school,standard,completed,68,51,57,58.666666666666664,1,92.01426031289446,49.54812124263707,55.58400561582787,Moderate Risk
male,group C,some college,standard,none,53,39,37,43.0,9,81.60047658418043,33.39969889611102,39.147503543957946,High Risk
male,group A,some high school,free/reduced,none,55,46,43,48.0,6,86.03509476188776,43.79995698770325,49.4711901452852,High Risk
male,group D,some high school,standard,none,55,47,44,48.666666666666664,2,72.97335012461502,41.9010068573545,48.23960780952585,High Risk
female,group E,some college,free/reduced,none,53,58,57,56.0,8,73.32007652232792,55.79437305565124,60.7828552496825,Moderate Risk
male,group C,master's degree,standard,none,67,57,59,61.0,6,86.77947820792761,54.61348200175417,59.82859801245097,Moderate Risk
female,group B,some college,free/reduced,completed,53,66,73,64.0,9,86.47356759397515,63.089522013778435,67.56848304830396,Moderate Risk
male,group C,high school,free/reduced,none,61,60,55,58.666666666666664,5,89.22602040956984,55.65261320005649,60.93797344681926,Moderate Risk
female,group A,associate's degree,free/reduced,none,37,57,56,50.0,5,62.40569370403141,44.94255666775274,50.83196228673087,Moderate Risk
female,group C,associate's degree,standard,completed,59,73,72,68.0,6,98.3050113802152,61.53638314538678,66.39497726791554,Moderate Risk
male,group B,some college,free/reduced,none,55,55,47,52.333333333333336,7,67.01211769430638,41.92028900397311,47.65317982909095,High Risk
male,group D,high school,standard,none,69,75,71,71.66666666666667,8,68.03734754636226,64.50739284022212,69.16270427519896,Moderate Risk
female,group C,bachelor's degree,free/reduced,none,50,60,59,56.333333333333336,9,63.86705798586878,54.20264246378736,59.18487617173711,Moderate Risk
male,group D,some high school,standard,completed,71,69,68,69.33333333333333,3,90.24653315580984,59.880985247725434,65.23961698918635,Moderate Risk
male,group E,some college,standard,none,68,72,65,68.33333333333333,3,73.90286096955928,62.26649328697635,67.62088916494966,Moderate Risk
male,group C,associate's degree,free/reduced,none,58,55,53,55.333333333333336,4,97.08711277917811,54.08455653524249,59.51747072394376,Moderate Risk
male,group D,some college,standard,none,55,58,52,55.0,6,75.97263663237233,47.35300081302977,52.934545976095514,Moderate Risk
female,group D,some college,free/reduced,completed,52,59,65,58.666666666666664,4,99.69934008633501,55.07679310994517,60.45300117716346,Moderate Risk
female,group C,high school,free/reduced,none,53,72,64,63.0,6,81.59828521122239,59.31015920812179,64.35930765002922,Moderate Risk
female,group D,some high school,standard,none,48,58,54,53.333333333333336,6,93.68133177505685,48.5317311772108,53.96063429122267,Moderate Risk
female,group B,high school,standard,none,62,62,63,62.333333333333336,8,84.94342752011039,58.07441043557132,62.899770641811315,Moderate Risk
male,group D,some college,standard,none,60,63,59,60.666666666666664,6,63.56497728464066,56.74168712273033,62.00343401747712,Moderate Risk
female,group C,high school,standard,completed,58,75,77,70.0,9,65.1085393454094,62.76742408550019,67.38458692959244,Moderate Risk
male,group B,high school,standard,completed,76,62,60,66.0,2,93.04270521010113,61.54367251965431,66.94445597184995,Moderate Risk
male,group A,some college,free/reduced,none,58,60,57,58.333333333333336,3,88.34978790971905,49.3694212365143,55.17828305704226,Moderate Risk
male,group B,high school,standard,none,52,48,49,49.666666666666664,5,61.44641522099049,40.40785765312575,46.49231635442362,High Risk
female,group B,some high school,free/reduced,completed,52,67,72,63.666666666666664,6,70.52450279643372,64.26628652074851,69.1730333729785,Moderate Risk
male,group B,some college,standard,none,66,65,60,63.666666666666664,3,63.505709870553545,60.72055614394667,66.20024506021801,Moderate Risk
female,group B,some high school,free/reduced,none,49,58,55,54.0,4,97.47831292124252,46.628123202511695,52.37027050654894,Moderate Risk
female,group C,some college,free/reduced,none,35,44,43,40.666666666666664,4,72.22097242632094,32.98887465176874,39.44831815212899,High Risk
female,group D,associate's degree,free/reduced,none,46,56,57,53.0,6,84.02377333442469,47.9571807964907,53.46647574658418,Moderate Risk
female,group C,associate's degree,standard,completed,52,59,62,57.666666666666664,3,79.8785393162332,50.60771129579656,56.41430096079637,Moderate Risk
female,group B,some high school,standard,completed,32,51,44,42.333333333333336,6,94.05699830980383,35.580094391915885,41.5479016703043,High Risk
female,group B,some college,standard,none,19,38,32,29.666666666666668,8,97.22380858575664,29.35939150179982,35.31271477468704,High Risk
male,group C,associate's degree,free/reduced,none,68,65,61,64.66666666666667,5,64.65465591541904,54.8150289417608,60.27884815140997,Moderate Risk
female,group C,master's degree,free/reduced,none,52,65,61,59.333333333333336,7,92.69798833964767,54.0202655207637,59.09766626338915,Moderate Risk
female,group B,high school,standard,none,48,62,60,56.666666666666664,2,75.22493173906321,54.363018811636046,60.16783145062698,Moderate Risk
female,group D,some college,free/reduced,none,60,66,70,65.33333333333333,8,95.11897281780278,64.3242742105503,68.82911314152989,Moderate Risk
female,group B,high school,standard,none,42,52,51,48.333333333333336,1,91.60121745228246,43.71598069446594,49.997933739432426,High Risk
female,group E,associate's degree,free/reduced,completed,57,68,73,66.0,5,72.18716556392164,56.466535209257955,61.817376811089666,Moderate Risk
male,group E,some college,standard,none,69,60,54,61.0,9,66.94098059946035,59.757180333239354,64.48940692531491,Moderate Risk
female,group C,associate's degree,standard,none,52,55,57,54.666666666666664,8,87.79804355609846,48.57577101879176,53.78130099931622,Moderate Risk
male,group C,some high school,standard,completed,67,73,68,69.33333333333333,6,73.84398906151142,61.67267116304143,66.66839324314292,Moderate Risk
female,group D,some college,free/reduced,none,64,74,75,71.0,5,96.91028762053577,62.29265342453354,67.2557374353876,Moderate Risk
female,group E,high school,free/reduced,none,41,45,40,42.0,8,79.48247675275744,40.21316103894715,45.81661932250269,High Risk
male,group B,bachelor's degree,standard,none,59,54,51,54.666666666666664,2,90.59239203611982,46.089144129232736,52.14989853937,Moderate Risk
male,group A,some high school,standard,none,51,31,36,39.333333333333336,3,66.9935450904165,39.669096085352884,46.00791496990119,High Risk
male,group A,high school,free/reduced,none,45,47,49,47.0,3,80.1026430585377,41.04104452224307,47.24600493877282,High Risk
female,group C,master's degree,standard,completed,54,64,67,61.666666666666664,1,75.94652111089252,58.17920615968968,63.948313874109964,Moderate Risk
female,group A,bachelor's degree,standard,none,45,59,64,56.0,9,61.03247627797948,53.027124237484834,58.07501953805899,Moderate Risk
male,group D,bachelor's degree,free/reduced,completed,61,70,76,69.0,5,65.4066515661929,63.89754274753592,68.97751909962173,Moderate Risk
male,group E,some college,free/reduced,completed,49,52,51,50.666666666666664,3,72.47264532341038,43.66772916393903,49.80750078078596,High Risk
female,group C,some high school,free/reduced,none,48,58,52,52.666666666666664,9,77.58046754531641,52.844086853038455,57.803009531332705,Moderate Risk
male,group C,high school,standard,none,62,67,58,62.333333333333336,9,64.22658737046976,59.3660272903403,64.13044426700108,Moderate Risk
female,group C,associate's degree,free/reduced,completed,56,68,70,64.66666666666667,2,85.63305258760825,56.08433845752455,61.75646682275947,Moderate Risk
male,group B,some high school,standard,none,68,54,53,58.333333333333336,7,86.00804369592613,51.947150653577644,57.150223573715756,Moderate Risk
female,group A,some college,free/reduced,none,61,60,57,59.333333333333336,8,66.08099412514592,51.98316180548555,57.17313719792656,Moderate Risk
male,group A,bachelor's degree,standard,none,64,60,58,60.666666666666664,6,91.2304634427376,57.45919725074159,62.52943586881132,Moderate Risk
male,group B,some college,standard,none,58,50,45,51.0,7,62.32655182021903,40.78330100860727,46.59105113554145,High Risk
female,group C,high school,standard,completed,60,64,74,66.0,1,99.79465268679068,58.063425847654614,63.69812734408986,Moderate Risk
male,group E,high school,standard,none,73,64,57,64.66666666666667,9,62.31122243985467,59.4107122389716,64.18444569439035,Moderate Risk
male,group B,associate's degree,free/reduced,completed,58,57,53,56.0,1,99.34715701053653,53.4913332196697,59.31966186780223,Moderate Risk
female,group D,high school,free/reduced,none,39,52,46,45.666666666666664,2,65.68997474748785,39.411472004000615,45.896607354745235,High Risk
male,group C,some high school,standard,none,64,58,51,57.666666666666664,5,64.85539757689716,48.461870887827374,54.18994226823194,Moderate Risk
female,group B,high school,free/reduced,completed,23,44,36,34.333333333333336,8,72.13100590270382,27.381983055724916,33.564429776048854,High Risk
female,group D,some high school,free/reduced,completed,40,65,64,56.333333333333336,3,87.68645366776528,48.17749048016458,54.04002220584103,Moderate Risk
male,group D,high school,standard,none,64,54,50,56.0,6,99.86787415411908,50.24939938124491,55.570419522086645,Moderate Risk
female,group C,high school,standard,none,59,72,68,66.33333333333333,6,92.55881078024075,55.346330863981436,60.497085593269034,Moderate Risk
male,group D,associate's degree,standard,none,80,75,69,74.66666666666667,3,84.60877752924043,60.33691099865059,65.7094123861503,Moderate Risk
male,group C,master's degree,standard,none,71,67,67,68.33333333333333,7,72.25014483146447,61.513164155924784,66.3969140896674,Moderate Risk
female,group A,high school,standard,none,61,68,63,64.0,3,84.95583345166554,59.54958985616116,64.95295782253999,Moderate Risk
male,group E,some high school,standard,none,82,67,61,70.0,4,77.04333535561486,62.33703372237849,67.54220394698254,Moderate Risk
male,group C,some high school,standard,none,62,64,55,60.333333333333336,1,65.22841506960798,56.29533621000491,62.205729202958054,Moderate Risk
male,group B,some college,free/reduced,none,75,68,65,69.33333333333333,7,77.99138595285291,63.643121055759124,68.40436329206082,Moderate Risk
male,group B,high school,standard,completed,52,49,46,49.0,6,74.71037403509159,42.002227243836614,47.81468875979454,High Risk
female,group C,associate's degree,standard,none,53,62,53,56.0,1,93.10151582267497,48.483178498591165,54.5572061721754,Moderate Risk
male,group D,bachelor's degree,free/reduced,completed,39,42,38,39.666666666666664,7,90.77219574565359,36.341571928504756,42.16880296251673,High Risk
male,group C,high school,free/reduced,none,59,53,52,54.666666666666664,2,60.76769107292227,48.293348068211,54.436153578008714,Moderate Risk
male,group B,associate's degree,standard,none,61,42,41,48.0,5,70.39252834980137,37.976522699957385,44.11032434840102,High Risk
male,group C,associate's degree,free/reduced,none,49,51,51,50.333333333333336,6,65.48438822915996,43.3271083665558,49.13808682144804,High Risk
male,group B,high school,standard,none,59,58,47,54.666666666666664,6,81.41240525810366,52.941769295084605,58.25806365688988,Moderate Risk
female,group C,bachelor's degree,free/reduced,none,43,62,61,55.333333333333336,8,99.03495019640215,51.21523417632588,56.244882317704715,Moderate Risk
male,group C,some college,free/reduced,none,80,64,66,70.0,8,92.06148447531959,65.2147977555742,69.70028402753846,Moderate Risk
male,group C,some high school,standard,none,57,61,54,57.333333333333336,4,79.5141617570545,53.404420935753166,58.968354147095994,Moderate Risk
female,group D,some high school,standard,none,59,72,80,70.33333333333333,2,64.38944794710014,62.66218384277397,68.18353703578671,Moderate Risk
female,group D,associate's degree,standard,none,64,76,74,71.33333333333333,3,81.91837955894772,64.60771828501363,69.81750109796948,Moderate Risk
male,group C,bachelor's degree,standard,completed,63,64,66,64.33333333333333,3,78.17509338239844,57.8313361691897,63.34608094214854,Moderate Risk
female,group B,high school,free/reduced,none,64,73,71,69.33333333333333,4,63.923303231369786,64.3121438574488,69.51140191765273,Moderate Risk
male,group D,bachelor's degree,free/reduced,none,55,46,44,48.333333333333336,5,79.52964548087112,45.31429675175367,51.088189188932496,Moderate Risk
female,group E,associate's degree,standard,none,51,51,54,52.0,4,66.00194658775936,44.90351473939239,50.90149597769109,Moderate Risk
male,group C,high school,free/reduced,none,54,72,59,61.666666666666664,6,79.04072517475066,58.244771194669404,63.35336271342853,Moderate Risk
male,group D,high school,free/reduced,none,44,51,48,47.666666666666664,7,75.7790511428014,39.375208531405576,45.16324058574956,High Risk
female,group A,master's degree,free/reduced,none,50,67,73,63.333333333333336,9,95.68338755760938,56.25289659759135,60.9637064821821,Moderate Risk
female,group E,associate's degree,standard,none,59,62,69,63.333333333333336,8,91.4761354502118,55.15352418119347,60.062771238351914,Moderate Risk
female,group E,some high school,free/reduced,none,32,34,38,34.666666666666664,4,72.61627582992051,27.81564881793657,34.48891290889952,High Risk
male,group B,high school,free/reduced,none,36,29,27,30.666666666666668,4,87.52538824346169,23.615958697065235,30.377628164389634,High Risk
male,group D,associate's degree,standard,completed,67,54,63,61.333333333333336,8,70.18682488184204,52.697501377174135,57.833659937191854,Moderate Risk
female,group A,high school,free/reduced,completed,34,48,41,41.0,9,78.45909858498936,41.32870569869496,46.76359151325369,High Risk
male,group B,high school,standard,none,57,48,51,52.0,9,85.46678728668829,51.56707755865367,56.533305271428254,Moderate Risk
male,group E,bachelor's degree,standard,completed,70,64,70,68.0,1,80.73632087780817,58.3988168702505,64.13078316608012,Moderate Risk
male,group D,bachelor's degree,free/reduced,none,50,42,48,46.666666666666664,5,66.00676003268167,43.274071055823555,49.212157462687486,High Risk
female,group C,bachelor's degree,standard,completed,52,61,66,59.666666666666664,4,80.48887683250697,58.016239986512645,63.38180803978043,Moderate Risk
female,group C,bachelor's degree,free/reduced,completed,47,62,66,58.333333333333336,6,87.20911116833413,49.62589847331252,55.04687880975081,Moderate Risk
female,group B,associate's degree,free/reduced,none,46,61,55,54.0,7,61.66691602409537,49.467694533810004,54.91647676434443,Moderate Risk
female,group E,some college,standard,none,68,70,66,68.0,9,63.39168064183213,64.6448618894718,69.1936128538168,Moderate Risk
female,group C,high school,standard,none,44,61,52,52.333333333333336,6,62.883373439946936,45.827985124830704,51.54966783773685,Moderate Risk
female,group C,associate's degree,standard,completed,57,77,80,71.33333333333333,7,62.85026911061034,62.98113688562594,67.8584409318561,Moderate Risk
male,group D,high school,free/reduced,none,69,70,67,68.66666666666667,8,98.2600559319792,64.74597260403392,69.2148536806907,Moderate Risk
female,group C,high school,free/reduced,none,35,53,46,44.666666666666664,5,89.50033437836028,43.644809724912776,49.43023414125842,High Risk
male,group D,high school,standard,none,72,66,66,68.0,9,74.13005634008256,64.24039548336982,68.74334566149923,Moderate Risk
female,group B,associate's degree,free/reduced,none,54,65,65,61.333333333333336,5,71.86142325150621,55.55249181358468,60.943422538768594,Moderate Risk
male,group E,some high school,standard,completed,74,64,60,66.0,4,90.98614124724728,63.87145274468513,68.93110893988174,Moderate Risk
male,group E,associate's degree,free/reduced,none,64,56,52,57.333333333333336,9,86.45482444281657,51.30196968868368,56.273504258240564,Moderate Risk
female,group D,high school,free/reduced,completed,65,61,71,65.66666666666667,5,67.40782271469871,60.812623721378024,66.00979845671763,Moderate Risk
male,group E,associate's degree,free/reduced,completed,46,43,44,44.333333333333336,9,66.96437341336338,39.234942347098574,44.8244169197405,High Risk
female,group C,some high school,free/reduced,none,48,56,51,51.666666666666664,3,63.935825988535896,48.94215267076687,54.91141212050377,Moderate Risk
male,group D,some college,free/reduced,none,62,57,62,60.333333333333336,9,90.57490648886943,58.10603276613825,62.769248894085464,Moderate Risk
male,group D,associate's degree,free/reduced,completed,61,71,73,68.33333333333333,6,70.60185713300017,60.66273809995897,65.71958348787757,Moderate Risk
male,group D,some college,free/reduced,none,70,63,58,63.666666666666664,2,98.71440139380121,61.4551992472439,66.82656333675428,Moderate Risk
male,group A,associate's degree,standard,none,67,57,53,59.0,2,71.81779109909681,58.48958776527024,64.14189274716958,Moderate Risk
female,group E,high school,free/reduced,none,57,58,57,57.333333333333336,1,90.76892591352535,54.28340513655403,60.12872851649057,Moderate Risk
male,group C,high school,standard,none,81,66,64,70.33333333333333,7,84.60051872155466,64.71153134513649,69.38954811082297,Moderate Risk
male,group A,some high school,free/reduced,completed,61,62,61,61.333333333333336,4,90.98535122551152,56.12530032222458,61.50858234207722,Moderate Risk
female,group B,high school,standard,none,58,68,61,62.333333333333336,6,85.75617014164523,59.4985459933451,64.5155470936938,Moderate Risk
female,group C,associate's degree,standard,none,54,61,58,57.666666666666664,5,81.21208532996633,52.13620405024847,57.6152653324066,Moderate Risk
female,group D,some college,free/reduced,none,49,58,60,55.666666666666664,1,98.73955110377536,51.481631997644826,57.39747024079928,Moderate Risk
male,group B,some high school,free/reduced,completed,49,50,52,50.333333333333336,1,91.94856766618298,40.312977062437724,46.73507378036952,High Risk
female,group E,high school,free/reduced,completed,57,75,73,68.33333333333333,6,71.71288146803859,59.31195017796229,64.4187422164747,Moderate Risk
male,group C,high school,standard,completed,58,52,54,54.666666666666664,7,89.9229271771813,53.11145653292452,58.24302867934631,Moderate Risk
female,group C,some college,standard,none,62,69,69,66.66666666666667,1,92.4707915236055,59.21033373540209,64.83988155905757,Moderate Risk
male,group E,associate's degree,standard,none,72,57,62,63.666666666666664,4,86.2591442932601,54.052870911429004,59.55033069420191,Moderate Risk
female,group D,high school,standard,none,45,63,59,55.666666666666664,4,97.12334561304199,47.61368226613616,53.31672713719049,Moderate Risk
female,group A,some college,standard,none,56,58,64,59.333333333333336,6,74.88668095350053,52.67890450761477,58.04428300331699,Moderate Risk
female,group D,some high school,free/reduced,none,48,54,53,51.666666666666664,8,77.28307531776784,45.64489901746517,51.03427018895876,Moderate Risk
male,group D,some college,standard,none,72,57,58,62.333333333333336,1,97.72303350978831,54.19138021346899,59.9999449305817,Moderate Risk
female,group D,some college,standard,none,62,70,72,68.0,7,69.6277084733002,59.49123002271668,64.47476471713576,Moderate Risk
male,group A,some high school,standard,completed,66,68,64,66.0,3,64.86005505203673,61.68817223220408,67.11952809118645,Moderate Risk
male,group C,some college,standard,none,63,63,60,62.0,8,67.8988195943975,57.13043084944159,62.094748171771236,Moderate Risk
female,group A,high school,free/reduced,completed,53,50,60,54.333333333333336,2,94.45479985453744,45.96027325372182,52.003860031002574,Moderate Risk
female,group D,some college,free/reduced,none,49,65,61,58.333333333333336,1,93.86057354761112,54.33556502627316,60.16065789016915,Moderate Risk
female,group A,some college,standard,none,54,63,67,61.333333333333336,3,96.75706134558217,54.63951555565254,60.17911372066237,Moderate Risk
male,group B,some college,free/reduced,completed,60,62,60,60.666666666666664,2,90.20167714985114,55.73732311928938,61.397274135811735,Moderate Risk
male,group C,associate's degree,standard,none,62,65,58,61.666666666666664,6,78.4215798909656,57.189729440375174,62.346013863787284,Moderate Risk
male,group D,high school,standard,completed,55,41,48,48.0,1,93.67994211560246,42.32407623387718,48.65204354705147,High Risk
female,group B,high school,free/reduced,none,8,24,23,18.333333333333332,6,91.05789785998898,13.727751120348335,20.62602352805896,High Risk
male,group A,high school,standard,none,57,51,54,54.0,7,97.49552265988476,44.85563776392854,50.287909617900105,Moderate Risk
female,group C,associate's degree,standard,none,40,59,51,50.0,7,61.72694943188047,48.87678808531685,54.34990687263398,Moderate Risk
female,group A,some high school,free/reduced,none,44,45,45,44.666666666666664,3,65.26915093818248,41.17559097832069,47.461539351285005,High Risk
male,group A,high school,standard,none,63,63,62,62.666666666666664,7,89.31206179065002,60.41524241311039,65.24524136874021,Moderate Risk
male,group C,high school,free/reduced,none,62,55,55,57.333333333333336,1,83.61390761835091,52.5348682034814,58.4950188907739,Moderate Risk
female,group C,high school,free/reduced,completed,59,71,65,65.0,9,80.33442187665119,62.14727996733225,66.70145123780735,Moderate Risk
